id,title,author,date,content,category

P001,L’Intelligenza Artificiale nel 2025: Opportunità e Sfide,Alessandro Ferri,2024-12-17,"L’intelligenza artificiale (IA) sta rapidamente trasformando il mondo in cui viviamo. Secondo gli esperti, entro il 2025, molte delle nostre attività quotidiane saranno supportate o gestite da sistemi intelligenti. Ma quali sono le opportunità e le sfide che ci attendono?



Opportunità

Una delle applicazioni più promettenti dell’IA riguarda la medicina. Diagnosi più rapide, trattamenti personalizzati e monitoraggio continuo della salute sono solo alcune delle innovazioni già in corso. Inoltre, l’IA rivoluzionerà il settore dei trasporti con veicoli autonomi più sicuri ed efficienti, mentre nei luoghi di lavoro migliorerà la produttività automatizzando compiti ripetitivi.



Sfide

Tuttavia, non mancano i rischi. L’etica e la privacy sono questioni cruciali: come garantire che i dati personali siano protetti? Inoltre, il rischio di perdita di posti di lavoro a causa dell’automazione preoccupa molti settori. Per affrontare queste sfide, sarà necessario un dialogo tra governi, aziende e cittadini.



In conclusione, il futuro dell’IA è ricco di possibilità, ma richiede attenzione e responsabilità. Siamo pronti per abbracciare questa nuova era?",Tecnologia

P002,Cinque Destinazioni Sostenibili per il 2024,Chiara Moretti,2024-12-17,"Viaggiare non è solo scoprire il mondo, ma farlo con rispetto. Ecco cinque destinazioni che uniscono bellezza e sostenibilità, perfette per il 2024.



1. Slovenia

Il piccolo gioiello europeo è un modello di turismo green. Lubiana, la sua capitale, è una delle città più verdi del continente, con una rete di piste ciclabili e una cucina a km zero.



2. Costa Rica

Questo paradiso tropicale è un pioniere dell’ecoturismo. Le sue riserve naturali e i parchi nazionali offrono esperienze uniche, dal birdwatching al trekking nella giungla.



3. Norvegia

Fiordi spettacolari e un impegno serio verso la sostenibilità rendono la Norvegia una meta imperdibile. Le crociere elettriche permettono di esplorare i fiordi senza impatto ambientale.



4. Giappone Rurale

Se vuoi scoprire il Giappone oltre Tokyo, esplora le sue regioni rurali, come Shikoku e Tohoku. Qui potrai soggiornare in ryokan tradizionali e gustare piatti locali preparati con ingredienti freschi.



5. Nuova Zelanda

Famosa per la sua natura incontaminata, la Nuova Zelanda promuove un turismo lento e rispettoso, perfetto per chi cerca un viaggio rigenerante.



Viaggiare sostenibile significa godere delle meraviglie del mondo senza comprometterle. Quale sarà la tua prossima meta?



",Viaggi

P003,La Rivoluzione Minimalista: Come Vivere con Meno per Vivere Meglio,Sara Rinaldi,2024-12-17,"Negli ultimi anni, il minimalismo ha guadagnato popolarità come filosofia di vita. Ma cosa significa davvero vivere con meno, e perché sempre più persone lo scelgono?



Meno Oggetti, Più Libertà

Il minimalismo non riguarda solo eliminare il superfluo, ma fare spazio a ciò che conta davvero. Liberarsi di oggetti inutili riduce lo stress, migliora la concentrazione e favorisce un ambiente più sereno.



Minimalismo Digitale

In un’era dominata dalla tecnologia, anche il decluttering digitale è fondamentale. Ridurre le notifiche, organizzare i file e limitare il tempo sui social media può migliorare significativamente il benessere mentale.



Il Potere della Consapevolezza

Adottare uno stile di vita minimalista significa anche consumare in modo più consapevole. Prima di acquistare qualcosa, chiediti: “Mi serve davvero?” Questo approccio non solo risparmia denaro, ma riduce l’impatto ambientale.



Inizia con piccoli passi: svuota un cassetto, disinstalla un’app inutile o dedica del tempo a te stesso invece che a un oggetto. Scoprirai presto che meno è davvero meglio.",Lifestyle

P004,5 Gadget Futuristici che Cambieranno la Vita Quotidiana,Marta Bianchi,2024-12-17,"Ogni anno, la tecnologia ci regala dispositivi sempre più innovativi. Ecco cinque gadget futuristici che potrebbero trasformare la nostra routine nei prossimi anni.



1. Occhiali AR con Assistenza Virtuale

Immagina di avere un assistente virtuale sempre con te, direttamente davanti ai tuoi occhi. Gli occhiali a realtà aumentata offriranno traduzioni in tempo reale, mappe sovrapposte e notifiche integrate senza bisogno del telefono.



2. Tappeti Intelligenti

Questi tappeti sono dotati di sensori per monitorare i tuoi passi e rilevare eventuali cadute, particolarmente utili per anziani e persone con mobilità ridotta. Inoltre, possono regolare la temperatura della stanza in base ai tuoi movimenti.



3. Smartphone Pieghevoli 2.0

I nuovi modelli di smartphone pieghevoli non solo si richiudono come un libro, ma si possono anche arrotolare o espandere per diventare veri e propri tablet, garantendo portabilità senza compromessi.



4. Stampanti 3D Alimentari

Hai mai desiderato preparare un pasto con un clic? Con queste stampanti, potrai creare piatti personalizzati, dal cioccolato ai ravioli, utilizzando ingredienti freschi e in modo sostenibile.



5. Robot Domestici Multifunzionali

Non solo aspirapolvere: i nuovi robot domestici saranno in grado di cucinare, pulire e persino intrattenere i bambini, diventando veri e propri assistenti familiari.



Il futuro è già qui: quale di questi gadget non vedi l’ora di provare?",Tecnologia

P00undefined,smms,snsn,12/01/2025,nsnsns,snns
P005,smms,snsn,12/01/2025,nsnsns,snns
P000,hshsh,shshs,12/01/2025,shsh,shhs
P000,nnn,jjj,12/01/2025,kkkk,kkk
P000,hdhhd,hdhdhd,12/01/2025,dhdhhd,dhdhhd
